species,strain,Tmin,Tmax,rmax,alpha,beta,sigma2
Arthrobacter sp,55,-9.777811346488981,34.45655571817194,0.3966842138719179,0.8511418185795878,0.1914006117412081,4.3306089316899907e-05
Arthrobacter sp,60,-19.999029991251177,34.26310550663419,0.36980462918585477,0.9001085532767785,0.13862348632048782,3.3824526414416445e-05
Pseudomonas,76,-19.9999327518832,34.82286865549615,0.50780182266687,0.8481156487939381,0.1510442424133811,0.000327228800600123
Arthrobacter glacialis,137,-9.353279739851697,24.330745566824913,0.05087571066318649,0.6554336112312628,0.23248160458928524,7.856057694282746e-06
Arthrobacter glacialis,158,-5.551257892307546,23.32678574143263,0.05494589417520765,0.6702607352632055,0.31577132248527395,6.822183637553152e-07
